Country,Country Code,Series,Series Code,1997 [1997],2000 [2000],2002 [2002],2003 [2003],2004 [2004],2005 [2005],2007 [2007]
Albania,ALB,"Official exchange rate, LCU per USD, period average,,",DPANUSLCU,148.67271567006,143.85153829836,140.21279600351,121.2605530852,102.69741420415,99.84388124255,90.35013869283
Armenia,ARM,"Official exchange rate, LCU per USD, period average,,",DPANUSLCU,490.84666666667,539.52583333333,573.35333333333,578.7625,533.45166666667,457.6875,342.07833333333
Belarus,BLR,"Official exchange rate, LCU per USD, period average,,",DPANUSLCU,0.01201420525,0.07168768305,0.17834014191,0.20464180389,0.21649720252,0.21561445982,0.21473629972
Bosnia and Herzegovina,BIH,"Official exchange rate, LCU per USD, period average,,",DPANUSLCU,1.71573123302,2.10533285264,2.06310604767,1.72368408664,1.57431549986,1.57422065766,1.42898358351
Bulgaria,BGR,"Official exchange rate, LCU per USD, period average,,",DPANUSLCU,1.58901654409,2.11376441943,2.06885245742,1.72765431097,1.57230536812,1.57427852673,1.42921274782
Czech Republic,CZE,"Official exchange rate, LCU per USD, period average,,",DPANUSLCU,31.68027817068,38.61618011717,32.70899441386,28.19233442813,25.68241516171,23.96242561249,20.28993749216
Croatia,HRV,"Official exchange rate, LCU per USD, period average,,",DPANUSLCU,6.10102225349,8.28820393532,7.86460601277,6.69721370812,6.0316540255,5.95414097497,5.36077756133
Estonia,EST,"Official exchange rate, LCU per USD, period average,,",DPANUSLCU,13.86797279616,16.98553775409,16.59946469156,13.84168061281,12.58929712341,12.58566457588,11.43037797933
Georgia,GEO,"Official exchange rate, LCU per USD, period average,,",DPANUSLCU,1.2974321707,1.97440453909,2.19396802536,2.13833637516,1.91467485385,1.81139840172,1.66869743005
Kyrgyz Republic,KGZ,"Official exchange rate, LCU per USD, period average,,",DPANUSLCU,17.36849779929,47.72159346083,46.93957678454,43.92108755817,42.63870286022,41.01982904276,37.24074498165
Latvia,LVA,"Official exchange rate, LCU per USD, period average,,",DPANUSLCU,0.58080120577,0.60600151515,0.61727632066,0.56662342211,0.53517696217,0.56030546694,0.51147578973
Lithuania,LTU,"Official exchange rate, LCU per USD, period average,,",DPANUSLCU,3.99996195652,4.00039497381,3.67317883572,3.05660441684,2.77904097654,2.77902609794,2.52242209361
Poland,POL,"Official exchange rate, LCU per USD, period average,,",DPANUSLCU,3.27734243208,4.34470324675,4.07899819154,3.88755486464,3.64750921247,3.23534291675,2.76541192594
Russian Federation,RUS,"Official exchange rate, LCU per USD, period average,,",DPANUSLCU,5.78341223101,28.15419723948,31.38375455487,30.68309538475,28.80525296051,28.2926417349,25.57107357739
Romania,ROU,"Official exchange rate, LCU per USD, period average,,",DPANUSLCU,0.71115152871,2.16930216999,3.30585549595,3.32232519528,3.26429794215,2.91374956553,2.43642423066
Slovak Republic,SVK,"Official exchange rate, LCU per USD, period average,,",DPANUSLCU,33.5345187551,46.27156407632,45.26152054003,36.74441482527,32.2252657295,31.05213247694,24.68063456694
Slovenia,SVN,"Official exchange rate, LCU per USD, period average,,",DPANUSLCU,159.11269340617,224.45463191896,239.86943955079,206.67484404213,192.38411211494,192.76510756792,175.08757247945
Serbia and Montenegro,YUG,"Official exchange rate, LCU per USD, period average,,",DPANUSLCU,5.30608599418,11.97691486291,63.77997030293,57.63292083729,58.57644417374,67.02683592133,58.44774483813
Moldova,MDA,"Official exchange rate, LCU per USD, period average,,",DPANUSLCU,4.62437350694,12.44688379677,13.57440806904,13.87592859088,12.21334772963,12.57741067115,12.09401098014
Macedonia FYR,MKD,"Official exchange rate, LCU per USD, period average,,",DPANUSLCU,46.9347226497,65.19079244631,64.03628522374,53.44188670886,49.85719403272,49.26844663091,44.79951936524
Azerbaijan,AZE,"Official exchange rate, LCU per USD, period average,,",DPANUSLCU,0.79778121392,0.89490735624,0.97209687951,0.9766237845,0.98423483252,0.94795115126,0.86052726567
Hungary,HUN,"Official exchange rate, LCU per USD, period average,,",DPANUSLCU,186.71306315484,282.42443168486,257.67809206192,224.30505080306,202.48143896261,199.6497898786,183.6101333051
Tajikistan,TJK,"Official exchange rate, LCU per USD, period average,,",DPANUSLCU,0.56233333333,2.07625,2.76413333333,3.06136666667,2.97050833333,3.11656666667,3.44248333333
Ukraine,UKR,"Official exchange rate, LCU per USD, period average,,",DPANUSLCU,1.86152353412,5.47194093105,5.32674935065,5.33095962811,5.32348838384,5.10441570911,5.03248373094
Uzbekistan,UZB,"Official exchange rate, LCU per USD, period average,,",DPANUSLCU,66.44016077702,236.42151142249,769.40722973132,967.04649475846,1018.99531106461,1111.9930622216,1263.56534334023
,,,,,,,,,,
,,,,,,,,,,
,,,,,,,,,,
Data from database: Global Economic Monitor (GEM),,,,,,,,,,
Last Updated: 09/13/2019,,,,,,,,,,
